,train_loss,train_acc
1,3.416388511657715,tensor(0.)
2,3.3561899662017822,tensor(0.02)
3,3.3329787254333496,tensor(0.04)
4,3.241821765899658,tensor(0.04)
5,3.1861329078674316,tensor(0.08)
6,3.171950340270996,tensor(0.08)
7,3.195314645767212,tensor(0.10)
8,3.096407890319824,tensor(0.15)
9,3.066704034805298,tensor(0.15)
10,3.0687127113342285,tensor(0.16)
11,3.078981876373291,tensor(0.19)
12,3.0776429176330566,tensor(0.12)
13,2.9906978607177734,tensor(0.23)
14,3.010153293609619,tensor(0.20)
15,2.8541760444641113,tensor(0.39)
16,2.9259533882141113,tensor(0.23)
17,2.847275495529175,tensor(0.39)
18,2.8440840244293213,tensor(0.30)
19,2.861090660095215,tensor(0.30)
20,2.743811845779419,tensor(0.41)
21,2.810434341430664,tensor(0.33)
22,2.741016149520874,tensor(0.34)
23,2.6860876083374023,tensor(0.43)
24,2.6116156578063965,tensor(0.51)
25,2.618558645248413,tensor(0.51)
26,2.6231465339660645,tensor(0.43)
27,2.7321126461029053,tensor(0.31)
28,2.4832422733306885,tensor(0.52)
29,2.4818105697631836,tensor(0.48)
30,2.5238375663757324,tensor(0.37)
31,2.3875234127044678,tensor(0.51)
32,2.5332465171813965,tensor(0.38)
33,2.4542043209075928,tensor(0.46)
34,2.3774876594543457,tensor(0.52)
35,2.386448860168457,tensor(0.48)
36,2.3285410404205322,tensor(0.55)
37,2.326648235321045,tensor(0.47)
38,2.256406307220459,tensor(0.57)
39,2.248666286468506,tensor(0.59)
40,2.207949638366699,tensor(0.58)
41,2.2085888385772705,tensor(0.55)
42,2.0778753757476807,tensor(0.60)
43,2.1471710205078125,tensor(0.59)
44,2.145326852798462,tensor(0.51)
45,2.264681339263916,tensor(0.45)
46,1.9450953006744385,tensor(0.72)
47,2.0565905570983887,tensor(0.61)
48,1.958404302597046,tensor(0.67)
49,1.8616352081298828,tensor(0.67)
50,2.0161285400390625,tensor(0.57)
51,2.188493013381958,tensor(0.48)
52,1.879011631011963,tensor(0.65)
53,1.9289703369140625,tensor(0.62)
54,1.9587692022323608,tensor(0.62)
55,1.8636984825134277,tensor(0.70)
56,1.8205628395080566,tensor(0.66)
57,1.8406915664672852,tensor(0.65)
58,1.7755359411239624,tensor(0.72)
59,1.7585819959640503,tensor(0.66)
60,1.9108381271362305,tensor(0.58)
61,1.7087863683700562,tensor(0.70)
62,1.5418498516082764,tensor(0.76)
63,1.6614772081375122,tensor(0.67)
64,1.7355576753616333,tensor(0.65)
65,1.668727159500122,tensor(0.66)
66,1.562727689743042,tensor(0.73)
67,1.659583330154419,tensor(0.70)
68,1.4970829486846924,tensor(0.77)
69,1.6049656867980957,tensor(0.66)
70,1.5244215726852417,tensor(0.70)
71,1.544979453086853,tensor(0.73)
72,1.4616680145263672,tensor(0.74)
73,1.6114665269851685,tensor(0.65)
74,1.479865550994873,tensor(0.70)
75,1.6442233324050903,tensor(0.68)
76,1.3967875242233276,tensor(0.77)
77,1.3760958909988403,tensor(0.70)
78,1.3622848987579346,tensor(0.76)
79,1.4662714004516602,tensor(0.67)
80,1.3734318017959595,tensor(0.72)
81,1.320974349975586,tensor(0.76)
82,1.3305591344833374,tensor(0.70)
83,1.4068233966827393,tensor(0.68)
84,1.2359815835952759,tensor(0.76)
85,1.2329779863357544,tensor(0.78)
86,1.202539324760437,tensor(0.78)
87,1.2111427783966064,tensor(0.77)
88,1.2683929204940796,tensor(0.74)
89,1.255698800086975,tensor(0.71)
90,1.446107268333435,tensor(0.69)
91,1.171396255493164,tensor(0.79)
92,1.2289127111434937,tensor(0.73)
93,1.105678677558899,tensor(0.80)
94,1.202166199684143,tensor(0.73)
95,1.1111915111541748,tensor(0.77)
96,1.2178891897201538,tensor(0.73)
97,1.0469627380371094,tensor(0.81)
98,1.1389530897140503,tensor(0.73)
99,1.1081883907318115,tensor(0.73)
100,1.0553122758865356,tensor(0.77)
101,0.93327796459198,tensor(0.81)
102,1.1081256866455078,tensor(0.75)
103,1.1130555868148804,tensor(0.73)
104,0.9911138415336609,tensor(0.81)
105,1.083999514579773,tensor(0.79)
106,0.9858981966972351,tensor(0.78)
107,0.8947214484214783,tensor(0.84)
108,1.0220578908920288,tensor(0.73)
109,0.995987594127655,tensor(0.78)
110,1.0039652585983276,tensor(0.73)
111,0.9551576972007751,tensor(0.84)
112,0.9065834283828735,tensor(0.82)
113,0.939142644405365,tensor(0.80)
114,0.9790605902671814,tensor(0.79)
115,0.9279977679252625,tensor(0.77)
116,0.9686163067817688,tensor(0.77)
117,0.926200807094574,tensor(0.76)
118,1.0029025077819824,tensor(0.73)
119,0.8223516345024109,tensor(0.81)
120,0.7903794050216675,tensor(0.85)
121,0.8516985774040222,tensor(0.81)
122,0.9025557041168213,tensor(0.79)
123,0.7986075282096863,tensor(0.81)
124,0.8773415088653564,tensor(0.81)
125,0.8534494042396545,tensor(0.78)
126,0.9566117525100708,tensor(0.77)
127,0.8158101439476013,tensor(0.83)
128,0.934908390045166,tensor(0.77)
129,0.8284631371498108,tensor(0.83)
130,0.7650070786476135,tensor(0.84)
131,0.820950984954834,tensor(0.82)
132,0.7172228693962097,tensor(0.87)
133,0.7815303802490234,tensor(0.84)
134,0.6980128884315491,tensor(0.83)
135,0.6779234409332275,tensor(0.86)
136,0.7956743240356445,tensor(0.84)
137,0.7218961715698242,tensor(0.85)
138,0.7431454062461853,tensor(0.80)
139,0.8050141334533691,tensor(0.87)
140,0.6353356838226318,tensor(0.89)
141,0.7539437413215637,tensor(0.80)
142,0.7648323178291321,tensor(0.81)
143,0.7528828978538513,tensor(0.79)
144,0.7118704915046692,tensor(0.84)
145,0.6791266202926636,tensor(0.81)
146,0.6933457255363464,tensor(0.82)
147,0.9633577466011047,tensor(0.71)
148,0.6694684028625488,tensor(0.83)
149,0.6287086606025696,tensor(0.89)
150,0.7308657765388489,tensor(0.80)
151,0.6049781441688538,tensor(0.90)
152,0.6553321480751038,tensor(0.83)
153,0.6850661635398865,tensor(0.86)
154,0.7648323774337769,tensor(0.84)
155,0.7611165046691895,tensor(0.80)
156,0.644303560256958,tensor(0.84)
157,0.6588197946548462,tensor(0.83)
158,0.6579872369766235,tensor(0.84)
159,0.5821901559829712,tensor(0.89)
160,0.6257836222648621,tensor(0.84)
161,0.6280852556228638,tensor(0.85)
162,0.6345973610877991,tensor(0.84)
163,0.6593804955482483,tensor(0.80)
164,0.5258393287658691,tensor(0.91)
165,0.6923959255218506,tensor(0.83)
166,0.5229445695877075,tensor(0.88)
167,0.576038658618927,tensor(0.86)
168,0.50547856092453,tensor(0.94)
169,0.7328424453735352,tensor(0.79)
170,0.7408440113067627,tensor(0.79)
171,0.5885652303695679,tensor(0.90)
172,0.5828767418861389,tensor(0.86)
173,0.520956814289093,tensor(0.88)
174,0.5121346712112427,tensor(0.89)
175,0.5143768787384033,tensor(0.86)
176,0.4700450897216797,tensor(0.91)
177,0.552483320236206,tensor(0.85)
178,0.49309012293815613,tensor(0.90)
179,0.5337421298027039,tensor(0.90)
180,0.5785494446754456,tensor(0.86)
181,0.5704780220985413,tensor(0.84)
182,0.5732771158218384,tensor(0.85)
183,0.5284610390663147,tensor(0.86)
184,0.5432807207107544,tensor(0.91)
185,0.45604851841926575,tensor(0.89)
186,0.48912790417671204,tensor(0.88)
187,0.53764808177948,tensor(0.87)
188,0.5288228392601013,tensor(0.85)
189,0.4451122581958771,tensor(0.90)
190,0.4643520414829254,tensor(0.88)
191,0.5388378500938416,tensor(0.93)
192,0.5166862607002258,tensor(0.87)
193,0.4042457044124603,tensor(0.93)
194,0.5189533829689026,tensor(0.88)
195,0.5307472944259644,tensor(0.85)
196,0.4623398780822754,tensor(0.91)
197,0.4765818119049072,tensor(0.92)
198,0.3972848057746887,tensor(0.91)
199,0.38663437962532043,tensor(0.95)
200,0.5426870584487915,tensor(0.87)
201,0.5368455648422241,tensor(0.88)
202,0.500504732131958,tensor(0.86)
203,0.4210413694381714,tensor(0.92)
204,0.47112637758255005,tensor(0.88)
205,0.4781925678253174,tensor(0.88)
206,0.35876843333244324,tensor(0.93)
207,0.4448782503604889,tensor(0.92)
208,0.454252153635025,tensor(0.89)
209,0.4294703006744385,tensor(0.88)
210,0.42419207096099854,tensor(0.87)
211,0.6843411326408386,tensor(0.80)
212,0.37595027685165405,tensor(0.93)
213,0.45377233624458313,tensor(0.86)
214,0.4391342103481293,tensor(0.91)
215,0.38871094584465027,tensor(0.95)
216,0.4056003987789154,tensor(0.91)
217,0.4590466618537903,tensor(0.91)
218,0.4923321008682251,tensor(0.88)
219,0.38655176758766174,tensor(0.92)
220,0.5183178782463074,tensor(0.89)
221,0.39527323842048645,tensor(0.87)
222,0.42096805572509766,tensor(0.91)
223,0.4470757842063904,tensor(0.88)
224,0.36587005853652954,tensor(0.93)
225,0.4283061623573303,tensor(0.86)
226,0.5612534880638123,tensor(0.84)
227,0.3656615912914276,tensor(0.92)
228,0.3839752972126007,tensor(0.92)
229,0.3593932092189789,tensor(0.97)
230,0.3392162322998047,tensor(0.91)
231,0.41559967398643494,tensor(0.91)
232,0.3740828335285187,tensor(0.89)
233,0.3587329089641571,tensor(0.95)
234,0.3803888261318207,tensor(0.91)
235,0.35800305008888245,tensor(0.91)
236,0.3123120963573456,tensor(0.92)
237,0.4428042769432068,tensor(0.88)
238,0.3861065208911896,tensor(0.93)
239,0.34568876028060913,tensor(0.93)
240,0.29645836353302,tensor(0.97)
241,0.36411237716674805,tensor(0.92)
242,0.46434497833251953,tensor(0.86)
243,0.3622516095638275,tensor(0.91)
244,0.34909358620643616,tensor(0.93)
245,0.30639487504959106,tensor(0.95)
246,0.34450563788414,tensor(0.93)
247,0.3341904580593109,tensor(0.89)
248,0.39783114194869995,tensor(0.91)
249,0.31593838334083557,tensor(0.91)
250,0.2805708050727844,tensor(0.95)
251,0.347747802734375,tensor(0.91)
252,0.2576638162136078,tensor(0.97)
253,0.3965515196323395,tensor(0.89)
254,0.32359325885772705,tensor(0.93)
255,0.3916175961494446,tensor(0.93)
256,0.30769941210746765,tensor(0.94)
257,0.42120522260665894,tensor(0.88)
258,0.2876734137535095,tensor(0.95)
259,0.32809045910835266,tensor(0.94)
260,0.27997854351997375,tensor(0.95)
261,0.3522265553474426,tensor(0.93)
262,0.2414373904466629,tensor(0.98)
263,0.2843097448348999,tensor(0.95)
264,0.32416385412216187,tensor(0.91)
265,0.2834450602531433,tensor(0.92)
266,0.37800684571266174,tensor(0.89)
267,0.24097195267677307,tensor(0.97)
268,0.22615331411361694,tensor(0.98)
269,0.3684574365615845,tensor(0.92)
270,0.6191099286079407,tensor(0.86)
271,0.25135067105293274,tensor(0.97)
272,0.3120560646057129,tensor(0.93)
273,0.3089609742164612,tensor(0.92)
274,0.24266697466373444,tensor(0.96)
275,0.26473936438560486,tensor(0.98)
276,0.22629208862781525,tensor(0.96)
277,0.2577369809150696,tensor(0.96)
278,0.3163009285926819,tensor(0.91)
279,0.39948007464408875,tensor(0.89)
280,0.267827570438385,tensor(0.92)
281,0.35761725902557373,tensor(0.90)
282,0.2665289044380188,tensor(0.96)
283,0.2656652331352234,tensor(0.95)
284,0.283812016248703,tensor(0.93)
285,0.44762977957725525,tensor(0.87)
286,0.2849717438220978,tensor(0.95)
287,0.2285730093717575,tensor(0.95)
288,0.27846115827560425,tensor(0.95)
289,0.325315922498703,tensor(0.92)
290,0.23324930667877197,tensor(0.95)
291,0.2646889090538025,tensor(0.93)
292,0.22556209564208984,tensor(0.95)
293,0.2420016974210739,tensor(0.95)
294,0.23422428965568542,tensor(0.95)
295,0.2650236487388611,tensor(0.95)
296,0.255256712436676,tensor(0.96)
297,0.22973693907260895,tensor(0.95)
298,0.2312634289264679,tensor(0.97)
299,0.16523414850234985,tensor(0.98)
300,0.39023923873901367,tensor(0.92)
301,0.3392028212547302,tensor(0.93)
302,0.2447558343410492,tensor(0.95)
303,0.2203909009695053,tensor(0.95)
304,0.2198846936225891,tensor(0.95)
305,0.2917546033859253,tensor(0.93)
306,0.23019927740097046,tensor(0.94)
307,0.2423754781484604,tensor(0.95)
308,0.19535811245441437,tensor(0.98)
309,0.1827612668275833,tensor(0.98)
310,0.2387402504682541,tensor(0.95)
311,0.29758161306381226,tensor(0.94)
312,0.2518996298313141,tensor(0.95)
313,0.2745332419872284,tensor(0.92)
314,0.257150799036026,tensor(0.94)
315,0.23442687094211578,tensor(0.94)
316,0.23057740926742554,tensor(0.96)
317,0.2609454393386841,tensor(0.95)
318,0.2038084864616394,tensor(0.97)
319,0.17906975746154785,tensor(0.96)
320,0.1816830039024353,tensor(0.96)
321,0.17446111142635345,tensor(0.98)
322,0.24098466336727142,tensor(0.96)
323,0.20544792711734772,tensor(0.97)
324,0.15510092675685883,tensor(0.98)
325,0.1834792196750641,tensor(0.97)
326,0.16712626814842224,tensor(0.99)
327,0.34036192297935486,tensor(0.89)
328,0.18390601873397827,tensor(0.98)
329,0.16135935485363007,tensor(0.95)
330,0.34613853693008423,tensor(0.90)
331,0.21381685137748718,tensor(0.97)
332,0.2112908661365509,tensor(0.96)
333,0.23439526557922363,tensor(0.94)
334,0.15737572312355042,tensor(0.98)
335,0.18629392981529236,tensor(0.95)
336,0.25758132338523865,tensor(0.96)
337,0.22690525650978088,tensor(0.96)
338,0.14926961064338684,tensor(0.98)
339,0.2440173178911209,tensor(0.95)
340,0.19175393879413605,tensor(0.97)
341,0.19613507390022278,tensor(0.97)
342,0.16518768668174744,tensor(0.98)
343,0.2112227827310562,tensor(0.94)
344,0.24479053914546967,tensor(0.94)
345,0.4196966588497162,tensor(0.89)
346,0.18699102103710175,tensor(0.97)
347,0.167685404419899,tensor(0.95)
348,0.13799381256103516,tensor(0.99)
349,0.16790887713432312,tensor(0.98)
350,0.2540646195411682,tensor(0.93)
351,0.15264207124710083,tensor(0.98)
352,0.27280086278915405,tensor(0.92)
353,0.19802716374397278,tensor(0.94)
354,0.1761644184589386,tensor(0.97)
355,0.2357783317565918,tensor(0.95)
356,0.22018353641033173,tensor(0.97)
357,0.15438605844974518,tensor(0.99)
358,0.1515411138534546,tensor(0.99)
359,0.20325589179992676,tensor(0.97)
360,0.16105599701404572,tensor(0.97)
361,0.1269230842590332,tensor(0.97)
362,0.21656054258346558,tensor(0.95)
363,0.21623654663562775,tensor(0.97)
364,0.1460411548614502,tensor(0.98)
365,0.16794270277023315,tensor(0.95)
366,0.1815129816532135,tensor(0.98)
367,0.2039610743522644,tensor(0.96)
368,0.17564716935157776,tensor(0.98)
369,0.20386840403079987,tensor(0.95)
370,0.2665673792362213,tensor(0.93)
371,0.197581484913826,tensor(0.97)
372,0.13226474821567535,tensor(0.99)
373,0.144354909658432,tensor(0.98)
374,0.20286814868450165,tensor(0.93)
375,0.45591187477111816,tensor(0.90)
376,0.13499481976032257,tensor(0.98)
377,0.21773670613765717,tensor(0.96)
378,0.35405433177948,tensor(0.91)
379,0.208927720785141,tensor(0.95)
380,0.15550044178962708,tensor(0.97)
381,0.14842620491981506,tensor(0.98)
382,0.14779998362064362,tensor(0.97)
383,0.18522407114505768,tensor(0.95)
384,0.23195669054985046,tensor(0.94)
385,0.15930378437042236,tensor(0.98)
386,0.2264099419116974,tensor(0.95)
387,0.195180281996727,tensor(0.96)
388,0.157465398311615,tensor(0.95)
389,0.13277681171894073,tensor(0.98)
390,0.2864507734775543,tensor(0.92)
391,0.1869785338640213,tensor(0.97)
392,0.16424190998077393,tensor(0.95)
393,0.26516637206077576,tensor(0.91)
394,0.16106483340263367,tensor(0.97)
395,0.19669479131698608,tensor(0.98)
396,0.13309496641159058,tensor(0.99)
397,0.27498576045036316,tensor(0.93)
398,0.13311845064163208,tensor(0.98)
399,0.18030039966106415,tensor(0.95)
400,0.1918855607509613,tensor(0.95)
401,0.1327996850013733,tensor(0.98)
402,0.11026682704687119,tensor(0.98)
403,0.14650169014930725,tensor(0.98)
404,0.11861132830381393,tensor(0.98)
405,0.3047621250152588,tensor(0.90)
406,0.138177752494812,tensor(0.97)
407,0.10290995240211487,tensor(0.99)
408,0.12759384512901306,tensor(0.98)
409,0.21091434359550476,tensor(0.95)
410,0.15122981369495392,tensor(0.98)
411,0.1875593513250351,tensor(0.96)
412,0.1359328329563141,tensor(0.98)
413,0.10909851640462875,tensor(0.98)
414,0.1322793811559677,tensor(0.98)
415,0.1687011867761612,tensor(0.98)
416,0.22384415566921234,tensor(0.94)
417,0.14755810797214508,tensor(0.97)
418,0.10734238475561142,tensor(0.98)
419,0.14839822053909302,tensor(0.97)
420,0.15628613531589508,tensor(0.97)
421,0.12889446318149567,tensor(0.96)
422,0.11795615404844284,tensor(0.99)
423,0.11409691721200943,tensor(0.97)
424,0.14159531891345978,tensor(0.97)
425,0.12142499536275864,tensor(0.97)
426,0.13351306319236755,tensor(0.97)
427,0.10946265608072281,tensor(0.99)
428,0.13652318716049194,tensor(0.96)
429,0.09613971412181854,tensor(0.99)
430,0.18313734233379364,tensor(0.98)
431,0.1194419339299202,tensor(0.98)
432,0.1349775642156601,tensor(0.97)
433,0.11464155465364456,tensor(0.97)
434,0.11092425882816315,tensor(0.98)
435,0.22597643733024597,tensor(0.92)
436,0.10006600618362427,tensor(0.99)
437,0.1643877774477005,tensor(0.95)
438,0.1549537032842636,tensor(0.96)
439,0.15780891478061676,tensor(0.98)
440,0.15111902356147766,tensor(0.98)
441,0.13713030517101288,tensor(0.98)
442,0.11999392509460449,tensor(0.98)
443,0.11276126652956009,tensor(0.98)
444,0.11284191906452179,tensor(0.98)
445,0.15491431951522827,tensor(0.98)
446,0.1552390605211258,tensor(0.98)
447,0.08687597513198853,tensor(1.)
448,0.13031643629074097,tensor(0.97)
449,0.1537780463695526,tensor(0.97)
450,0.11284856498241425,tensor(0.97)
451,0.12206018716096878,tensor(0.97)
452,0.10944028198719025,tensor(0.98)
453,0.1309741735458374,tensor(0.98)
454,0.12649402022361755,tensor(0.97)
455,0.11919695883989334,tensor(0.98)
456,0.14194250106811523,tensor(0.98)
457,0.10495966672897339,tensor(0.99)
458,0.12327788770198822,tensor(0.98)
459,0.1457665115594864,tensor(0.98)
460,0.14956967532634735,tensor(0.97)
461,0.1314084231853485,tensor(0.96)
462,0.21291327476501465,tensor(0.96)
463,0.11981184780597687,tensor(0.98)
464,0.11703627556562424,tensor(0.98)
465,0.17615729570388794,tensor(0.96)
466,0.1211731880903244,tensor(0.99)
467,0.17654186487197876,tensor(0.96)
468,0.2509534955024719,tensor(0.95)
469,0.1308852583169937,tensor(0.95)
470,0.190277099609375,tensor(0.96)
471,0.1584538221359253,tensor(0.97)
472,0.11216136068105698,tensor(0.99)
473,0.1283102184534073,tensor(0.98)
474,0.10251396149396896,tensor(0.98)
475,0.09711989015340805,tensor(0.99)
476,0.1083243116736412,tensor(0.98)
477,0.09074677526950836,tensor(0.99)
478,0.0942574292421341,tensor(0.99)
479,0.11985370516777039,tensor(0.96)
480,0.10431846976280212,tensor(0.99)
481,0.0897318422794342,tensor(1.)
482,0.08539873361587524,tensor(1.)
483,0.12432312965393066,tensor(0.97)
484,0.11162392795085907,tensor(0.98)
485,0.10693126916885376,tensor(0.97)
486,0.1304975301027298,tensor(0.97)
487,0.11681288480758667,tensor(0.98)
488,0.10472837835550308,tensor(0.98)
489,0.07995058596134186,tensor(0.99)
490,0.17061404883861542,tensor(0.96)
491,0.14249736070632935,tensor(0.98)
492,0.1317347139120102,tensor(0.98)
493,0.07913818955421448,tensor(1.)
494,0.14605927467346191,tensor(0.97)
495,0.27405574917793274,tensor(0.90)
496,0.11176219582557678,tensor(0.98)
497,0.11068690568208694,tensor(0.98)
498,0.14413419365882874,tensor(0.97)
499,0.10218439251184464,tensor(0.99)
500,0.10836973786354065,tensor(0.98)
501,0.08928187936544418,tensor(1.)
502,0.09381130337715149,tensor(0.99)
503,0.09568101167678833,tensor(0.99)
504,0.05608915165066719,tensor(1.)
505,0.10404461622238159,tensor(0.98)
506,0.087555430829525,tensor(0.98)
507,0.09258018434047699,tensor(0.98)
508,0.10200536251068115,tensor(0.98)
509,0.11577389389276505,tensor(0.97)
510,0.14794804155826569,tensor(0.96)
511,0.11330636590719223,tensor(0.98)
512,0.11571194231510162,tensor(0.97)
513,0.08218298852443695,tensor(0.99)
514,0.1681227684020996,tensor(0.96)
515,0.08101316541433334,tensor(0.99)
516,0.1298409253358841,tensor(0.98)
517,0.11377517879009247,tensor(0.98)
518,0.12214308232069016,tensor(0.98)
519,0.09591889381408691,tensor(0.99)
520,0.15479134023189545,tensor(0.97)
521,0.13913321495056152,tensor(0.95)
522,0.133602112531662,tensor(0.96)
523,0.10365132987499237,tensor(0.98)
524,0.0936782956123352,tensor(0.98)
525,0.1901751309633255,tensor(0.97)
526,0.09442756325006485,tensor(0.98)
527,0.07594364881515503,tensor(1.)
528,0.09437805414199829,tensor(0.99)
529,0.09396617859601974,tensor(0.98)
530,0.09688985347747803,tensor(0.98)
531,0.16440966725349426,tensor(0.95)
532,0.09694617986679077,tensor(0.98)
533,0.10625241696834564,tensor(0.99)
534,0.08156641572713852,tensor(0.98)
535,0.14196790754795074,tensor(0.97)
536,0.11173705756664276,tensor(0.98)
537,0.0876714289188385,tensor(1.)
538,0.13657835125923157,tensor(0.96)
539,0.07395878434181213,tensor(1.)
540,0.1099305972456932,tensor(0.99)
541,0.17812199890613556,tensor(0.96)
542,0.11419147253036499,tensor(0.98)
543,0.14104130864143372,tensor(0.97)
544,0.11535712331533432,tensor(0.98)
545,0.05737157538533211,tensor(1.)
546,0.08210305124521255,tensor(0.98)
547,0.09857656806707382,tensor(0.98)
548,0.0949348583817482,tensor(0.98)
549,0.07792822271585464,tensor(0.99)
550,0.08636745810508728,tensor(0.98)
551,0.09513691812753677,tensor(0.98)
552,0.057579878717660904,tensor(1.)
553,0.11205800622701645,tensor(0.98)
554,0.09531355649232864,tensor(0.98)
555,0.18097183108329773,tensor(0.97)
556,0.08505228906869888,tensor(0.98)
557,0.11928825825452805,tensor(0.98)
558,0.0782768651843071,tensor(0.99)
559,0.08732046186923981,tensor(0.98)
560,0.0790179967880249,tensor(0.98)
561,0.0882558673620224,tensor(0.98)
562,0.08720235526561737,tensor(1.)
563,0.10272170603275299,tensor(0.98)
564,0.17653320729732513,tensor(0.95)
565,0.09451470524072647,tensor(0.98)
566,0.09940028935670853,tensor(0.97)
567,0.10456167906522751,tensor(0.98)
568,0.07195643335580826,tensor(1.)
569,0.10352559387683868,tensor(0.97)
570,0.14501553773880005,tensor(0.96)
571,0.1192002221941948,tensor(0.97)
572,0.06297096610069275,tensor(0.99)
573,0.06282150745391846,tensor(0.99)
574,0.09154509007930756,tensor(0.98)
575,0.07740388810634613,tensor(0.99)
576,0.13333123922348022,tensor(0.97)
577,0.08065330237150192,tensor(0.99)
578,0.10249673575162888,tensor(0.99)
579,0.06723133474588394,tensor(0.99)
580,0.07348717004060745,tensor(0.99)
581,0.07423309981822968,tensor(0.97)
582,0.15100589394569397,tensor(0.95)
583,0.07944126427173615,tensor(0.98)
584,0.0792703628540039,tensor(0.98)
585,0.06743660569190979,tensor(1.)
586,0.09158708900213242,tensor(0.98)
587,0.0968569964170456,tensor(0.95)
588,0.08714747428894043,tensor(0.99)
589,0.11438462883234024,tensor(0.98)
590,0.14997823536396027,tensor(0.97)
591,0.05442412570118904,tensor(0.99)
592,0.06230827793478966,tensor(0.99)
593,0.1374015063047409,tensor(0.98)
594,0.0710674300789833,tensor(0.98)
595,0.05965123698115349,tensor(0.99)
596,0.1306362748146057,tensor(0.96)
597,0.06571754813194275,tensor(0.98)
598,0.09327105432748795,tensor(0.99)
599,0.0848623588681221,tensor(0.98)
600,0.12113343924283981,tensor(0.99)
601,0.07470914721488953,tensor(0.98)
602,0.07193142920732498,tensor(0.98)
603,0.07324325293302536,tensor(0.99)
604,0.11633959412574768,tensor(0.99)
605,0.05895005911588669,tensor(1.)
606,0.05374246835708618,tensor(0.99)
607,0.07831444591283798,tensor(0.98)
608,0.07859984040260315,tensor(1.)
609,0.09114154428243637,tensor(0.98)
610,0.11075366288423538,tensor(0.98)
611,0.08677413314580917,tensor(0.97)
612,0.05470344424247742,tensor(1.)
613,0.06060758978128433,tensor(1.)
614,0.08701511472463608,tensor(0.98)
615,0.11588652431964874,tensor(0.96)
616,0.06905300170183182,tensor(0.98)
617,0.06314612925052643,tensor(0.99)
618,0.12341656535863876,tensor(0.98)
619,0.044931646436452866,tensor(1.)
620,0.0695909932255745,tensor(0.99)
621,0.06368209421634674,tensor(0.99)
622,0.08515490591526031,tensor(0.98)
623,0.08941074460744858,tensor(0.98)
624,0.035677507519721985,tensor(1.)
625,0.07468843460083008,tensor(0.98)
626,0.1462801843881607,tensor(0.96)
627,0.11558009684085846,tensor(0.98)
628,0.05977717041969299,tensor(0.99)
629,0.05331488698720932,tensor(0.99)
630,0.07343588769435883,tensor(0.99)
631,0.06850939244031906,tensor(0.99)
632,0.06307757645845413,tensor(0.99)
633,0.09977918863296509,tensor(0.99)
634,0.07731974869966507,tensor(0.99)
635,0.05429516360163689,tensor(0.98)
636,0.0708400160074234,tensor(0.99)
637,0.07137320935726166,tensor(0.98)
638,0.07178117334842682,tensor(0.98)
639,0.06199250742793083,tensor(1.)
640,0.1097404807806015,tensor(0.98)
641,0.061035916209220886,tensor(1.)
642,0.07517629861831665,tensor(0.98)
643,0.06927535682916641,tensor(0.98)
644,0.0693664476275444,tensor(0.98)
645,0.09568490087985992,tensor(0.99)
646,0.052900779992341995,tensor(0.99)
647,0.05265658721327782,tensor(0.99)
648,0.07552046328783035,tensor(0.98)
649,0.11250674724578857,tensor(0.98)
650,0.06331939995288849,tensor(0.98)
651,0.057913172990083694,tensor(0.98)
652,0.07920530438423157,tensor(0.98)
653,0.16493730247020721,tensor(0.96)
654,0.08527763932943344,tensor(0.98)
655,0.06587061285972595,tensor(0.98)
656,0.06364338845014572,tensor(0.99)
657,0.06341886520385742,tensor(0.98)
658,0.04238375648856163,tensor(1.)
659,0.05969793349504471,tensor(0.98)
660,0.07356682419776917,tensor(1.)
661,0.08283048123121262,tensor(0.98)
662,0.1314237266778946,tensor(0.98)
663,0.062885582447052,tensor(1.)
664,0.11727946251630783,tensor(0.98)
665,0.09545660018920898,tensor(0.98)
666,0.06158790737390518,tensor(0.99)
667,0.11410140246152878,tensor(0.97)
668,0.07112272828817368,tensor(0.99)
669,0.09993250668048859,tensor(0.97)
670,0.12099383026361465,tensor(0.95)
671,0.07154370099306107,tensor(0.98)
672,0.06881589442491531,tensor(0.98)
673,0.11504648625850677,tensor(0.96)
674,0.050279516726732254,tensor(1.)
675,0.0450405552983284,tensor(1.)
676,0.06741207838058472,tensor(0.99)
677,0.0628136396408081,tensor(0.98)
678,0.03894946724176407,tensor(1.)
679,0.05744464322924614,tensor(0.99)
680,0.0838240459561348,tensor(0.97)
681,0.05461401492357254,tensor(0.98)
682,0.08095785975456238,tensor(0.99)
683,0.11331907659769058,tensor(0.97)
684,0.061781637370586395,tensor(0.98)
685,0.0846584290266037,tensor(0.98)
686,0.07773032784461975,tensor(0.99)
687,0.049878258258104324,tensor(0.99)
688,0.11418765783309937,tensor(0.98)
689,0.065022774040699,tensor(0.98)
690,0.144621804356575,tensor(0.97)
691,0.037257175892591476,tensor(1.)
692,0.056752145290374756,tensor(0.99)
693,0.07715389132499695,tensor(0.98)
694,0.0699610486626625,tensor(0.98)
695,0.05337768793106079,tensor(0.99)
696,0.055192288011312485,tensor(0.99)
697,0.0339348278939724,tensor(1.)
698,0.06375622749328613,tensor(0.99)
699,0.10173436999320984,tensor(0.97)
700,0.14864879846572876,tensor(0.96)
701,0.09159206598997116,tensor(0.98)
702,0.04641715809702873,tensor(0.99)
703,0.06382163614034653,tensor(0.98)
704,0.08609895408153534,tensor(0.98)
705,0.0664176195859909,tensor(1.)
706,0.08111495524644852,tensor(0.98)
707,0.03044605813920498,tensor(1.)
708,0.05167308449745178,tensor(0.99)
709,0.03418496996164322,tensor(1.)
710,0.03784576430916786,tensor(0.99)
711,0.060839682817459106,tensor(0.99)
712,0.1660991609096527,tensor(0.96)
713,0.13968366384506226,tensor(0.95)
714,0.07115906476974487,tensor(0.97)
715,0.1453394889831543,tensor(0.94)
716,0.05639506131410599,tensor(0.99)
717,0.08875533938407898,tensor(0.97)
718,0.03709316998720169,tensor(1.)
719,0.05546398460865021,tensor(0.98)
720,0.09131143242120743,tensor(0.97)
721,0.036124762147665024,tensor(1.)
722,0.07523828744888306,tensor(0.97)
723,0.04595758393406868,tensor(1.)
724,0.07270604372024536,tensor(0.98)
725,0.04502572491765022,tensor(1.)
726,0.02626587077975273,tensor(1.)
727,0.04397454112768173,tensor(1.)
728,0.07792478799819946,tensor(0.98)
729,0.07588732987642288,tensor(0.98)
730,0.040275730192661285,tensor(1.)
731,0.1541719287633896,tensor(0.95)
732,0.08356670290231705,tensor(0.99)
733,0.04072786122560501,tensor(1.)
734,0.03548360988497734,tensor(1.)
735,0.1575063169002533,tensor(0.94)
736,0.05334140732884407,tensor(0.98)
737,0.049340780824422836,tensor(1.)
738,0.09998321533203125,tensor(0.98)
739,0.07354214787483215,tensor(0.99)
740,0.06193451210856438,tensor(0.99)
741,0.05896170064806938,tensor(0.99)
742,0.044404804706573486,tensor(0.99)
743,0.05989447981119156,tensor(0.99)
744,0.08015688508749008,tensor(0.98)
745,0.0427788645029068,tensor(0.99)
746,0.057669468224048615,tensor(0.99)
747,0.05017866939306259,tensor(0.99)
748,0.04993489384651184,tensor(0.98)
749,0.09152930974960327,tensor(0.98)
750,0.08763469755649567,tensor(0.99)
751,0.06882324814796448,tensor(0.98)
752,0.038564249873161316,tensor(0.99)
753,0.0743415504693985,tensor(0.97)
754,0.08442118018865585,tensor(0.99)
755,0.04794219881296158,tensor(0.99)
756,0.10387612879276276,tensor(0.95)
757,0.0442989356815815,tensor(1.)
758,0.09899942576885223,tensor(0.98)
759,0.07274314761161804,tensor(0.98)
760,0.03251693397760391,tensor(1.)
761,0.08356671035289764,tensor(0.98)
762,0.1132454127073288,tensor(0.98)
763,0.03946975618600845,tensor(0.99)
764,0.05498315766453743,tensor(0.98)
765,0.04774532467126846,tensor(0.99)
766,0.03587241470813751,tensor(1.)
767,0.06843502074480057,tensor(0.99)
768,0.035572703927755356,tensor(1.)
769,0.05897778272628784,tensor(0.98)
770,0.036711178719997406,tensor(1.)
771,0.06153329834342003,tensor(0.98)
772,0.07228225469589233,tensor(0.99)
773,0.07142370194196701,tensor(0.98)
774,0.09588179737329483,tensor(0.97)
775,0.03437534719705582,tensor(1.)
776,0.05461372435092926,tensor(0.98)
777,0.062062330543994904,tensor(0.99)
778,0.023922597989439964,tensor(1.)
779,0.051555924117565155,tensor(0.98)
780,0.06307119876146317,tensor(0.99)
781,0.024272838607430458,tensor(1.)
782,0.02059565857052803,tensor(1.)
783,0.05197576433420181,tensor(0.99)
784,0.0645800232887268,tensor(0.99)
785,0.03898540139198303,tensor(1.)
786,0.05179860070347786,tensor(1.)
787,0.0306575708091259,tensor(1.)
788,0.07102029770612717,tensor(0.98)
789,0.03353600203990936,tensor(1.)
790,0.06390997022390366,tensor(0.98)
791,0.10384958982467651,tensor(0.97)
792,0.05553578585386276,tensor(0.99)
793,0.02710089273750782,tensor(1.)
794,0.1100076213479042,tensor(0.97)
795,0.14973744750022888,tensor(0.96)
796,0.03613593429327011,tensor(1.)
797,0.03180921450257301,tensor(1.)
798,0.027156278491020203,tensor(1.)
799,0.05291373282670975,tensor(0.98)
800,0.0669068917632103,tensor(0.98)
801,0.04052874818444252,tensor(0.99)
802,0.0482645258307457,tensor(0.99)
803,0.12383827567100525,tensor(0.98)
804,0.05265431851148605,tensor(0.99)
805,0.0232528168708086,tensor(1.)
806,0.06538883596658707,tensor(0.99)
807,0.13699686527252197,tensor(0.95)
808,0.06794147193431854,tensor(0.98)
809,0.07341686636209488,tensor(0.98)
810,0.06906001269817352,tensor(0.99)
811,0.028885923326015472,tensor(1.)
812,0.03138771280646324,tensor(1.)
813,0.04255616292357445,tensor(1.)
814,0.06410958617925644,tensor(0.98)
815,0.047357771545648575,tensor(0.99)
816,0.026890158653259277,tensor(1.)
817,0.034292642027139664,tensor(1.)
818,0.05433201417326927,tensor(0.99)
819,0.0770634338259697,tensor(0.98)
820,0.08742751181125641,tensor(0.98)
821,0.0353427529335022,tensor(1.)
822,0.07494879513978958,tensor(0.98)
823,0.047336604446172714,tensor(0.99)
824,0.05054669827222824,tensor(0.99)
825,0.049140170216560364,tensor(0.99)
826,0.03383266180753708,tensor(1.)
827,0.027241867035627365,tensor(1.)
828,0.08940703421831131,tensor(0.97)
829,0.0918596014380455,tensor(0.98)
830,0.05562860891222954,tensor(0.98)
831,0.03845582157373428,tensor(0.99)
832,0.03716149553656578,tensor(0.99)
833,0.050489749759435654,tensor(1.)
834,0.05956299230456352,tensor(0.98)
835,0.03990649804472923,tensor(0.99)
836,0.05985341966152191,tensor(0.98)
837,0.07817783951759338,tensor(0.98)
838,0.020154261961579323,tensor(1.)
839,0.034226201474666595,tensor(0.98)
840,0.04193507507443428,tensor(1.)
841,0.07085008919239044,tensor(0.98)
842,0.034296389669179916,tensor(1.)
843,0.023175165057182312,tensor(1.)
844,0.03945695236325264,tensor(0.99)
845,0.049871776252985,tensor(0.99)
846,0.07410068064928055,tensor(0.98)
847,0.0548161044716835,tensor(0.99)
848,0.03804474323987961,tensor(0.99)
849,0.04834058880805969,tensor(0.99)
850,0.07172223925590515,tensor(0.98)
851,0.03285282850265503,tensor(1.)
852,0.04118307679891586,tensor(0.99)
853,0.02641996368765831,tensor(1.)
854,0.04756545275449753,tensor(1.)
855,0.10889564454555511,tensor(0.97)
856,0.04252389445900917,tensor(0.99)
857,0.033136527985334396,tensor(1.)
858,0.056997694075107574,tensor(0.98)
859,0.04436340555548668,tensor(0.99)
860,0.03102540783584118,tensor(1.)
861,0.0308255422860384,tensor(1.)
862,0.049721695482730865,tensor(0.98)
863,0.026200642809271812,tensor(1.)
864,0.05116560682654381,tensor(0.99)
865,0.05269679054617882,tensor(0.99)
866,0.05422356352210045,tensor(0.98)
867,0.03904503583908081,tensor(0.99)
868,0.04354842007160187,tensor(0.99)
869,0.04712499678134918,tensor(0.99)
870,0.09126286208629608,tensor(0.99)
871,0.04040602967143059,tensor(0.99)
872,0.020587578415870667,tensor(1.)
873,0.022060265764594078,tensor(1.)
874,0.04489642754197121,tensor(0.99)
875,0.019637351855635643,tensor(1.)
876,0.03926587849855423,tensor(1.)
877,0.028900668025016785,tensor(1.)
878,0.023284781724214554,tensor(1.)
879,0.057997725903987885,tensor(0.99)
880,0.08706624060869217,tensor(0.96)
881,0.029101582244038582,tensor(1.)
882,0.06407279521226883,tensor(0.99)
883,0.04371952265501022,tensor(1.)
884,0.05355245992541313,tensor(0.99)
885,0.09698526561260223,tensor(0.96)
886,0.027708422392606735,tensor(0.99)
887,0.04989788681268692,tensor(0.99)
888,0.03606963902711868,tensor(0.99)
889,0.06378533691167831,tensor(0.97)
890,0.03268539160490036,tensor(0.99)
891,0.028327811509370804,tensor(1.)
892,0.038251254707574844,tensor(1.)
893,0.019609905779361725,tensor(1.)
894,0.05082106962800026,tensor(0.99)
895,0.03839895874261856,tensor(0.98)
896,0.025731191039085388,tensor(1.)
897,0.032393455505371094,tensor(1.)
898,0.022174818441271782,tensor(1.)
899,0.035974983125925064,tensor(0.99)
900,0.12367591261863708,tensor(0.96)
901,0.019766390323638916,tensor(1.)
902,0.04708915576338768,tensor(0.99)
903,0.03658623248338699,tensor(0.99)
904,0.03595595806837082,tensor(0.99)
905,0.08560490608215332,tensor(0.98)
906,0.03689420595765114,tensor(0.99)
907,0.02657073363661766,tensor(0.99)
908,0.03319781273603439,tensor(0.99)
909,0.030850570648908615,tensor(1.)
910,0.1119946762919426,tensor(0.98)
911,0.03798738121986389,tensor(0.99)
912,0.032846271991729736,tensor(1.)
913,0.03645343706011772,tensor(1.)
914,0.03663504868745804,tensor(1.)
915,0.07259004563093185,tensor(0.99)
916,0.03998682647943497,tensor(1.)
917,0.021560465916991234,tensor(1.)
918,0.05312670022249222,tensor(0.99)
919,0.04051772877573967,tensor(0.98)
920,0.05196008458733559,tensor(0.99)
921,0.02945186384022236,tensor(1.)
922,0.029168512672185898,tensor(1.)
923,0.04537990689277649,tensor(0.99)
924,0.08579124510288239,tensor(0.97)
925,0.0489966981112957,tensor(1.)
926,0.024500690400600433,tensor(1.)
927,0.0533820204436779,tensor(0.98)
928,0.021048730239272118,tensor(1.)
929,0.06099492684006691,tensor(0.98)
930,0.0636502206325531,tensor(0.99)
931,0.02715805359184742,tensor(0.99)
932,0.04435450956225395,tensor(0.99)
933,0.0747726559638977,tensor(0.98)
934,0.0233816746622324,tensor(1.)
935,0.024041632190346718,tensor(1.)
936,0.045565977692604065,tensor(0.98)
937,0.08512752503156662,tensor(0.97)
938,0.09263063967227936,tensor(0.96)
939,0.0660344734787941,tensor(0.98)
940,0.044488854706287384,tensor(0.99)
941,0.05131189525127411,tensor(0.98)
942,0.0520012341439724,tensor(0.99)
943,0.024446718394756317,tensor(1.)
944,0.03601673245429993,tensor(1.)
945,0.07029596716165543,tensor(0.97)
946,0.038721662014722824,tensor(0.99)
947,0.02686978131532669,tensor(1.)
948,0.033798400312662125,tensor(0.99)
949,0.019728194922208786,tensor(1.)
950,0.046092044562101364,tensor(0.99)
951,0.03118930570781231,tensor(1.)
952,0.05073351785540581,tensor(0.99)
953,0.029617099091410637,tensor(1.)
954,0.056573543697595596,tensor(0.99)
955,0.043939217925071716,tensor(0.99)
956,0.042847950011491776,tensor(0.99)
957,0.032618168741464615,tensor(1.)
958,0.02489563450217247,tensor(1.)
959,0.049985021352767944,tensor(0.98)
960,0.1125568225979805,tensor(0.97)
961,0.04797092825174332,tensor(0.99)
962,0.02051534131169319,tensor(1.)
963,0.06895443797111511,tensor(0.99)
964,0.03004191443324089,tensor(0.99)
965,0.07738983631134033,tensor(0.97)
966,0.030914125964045525,tensor(0.99)
967,0.03676874563097954,tensor(1.)
968,0.016224943101406097,tensor(1.)
969,0.054066553711891174,tensor(0.99)
970,0.046986062079668045,tensor(0.99)
971,0.03387509658932686,tensor(1.)
972,0.016904789954423904,tensor(1.)
973,0.03843096271157265,tensor(0.98)
974,0.030692167580127716,tensor(0.99)
975,0.048704616725444794,tensor(0.99)
976,0.019842183217406273,tensor(1.)
977,0.027152247726917267,tensor(0.99)
978,0.025242963805794716,tensor(0.99)
979,0.04349130764603615,tensor(0.99)
980,0.04296575486660004,tensor(0.99)
981,0.07325424998998642,tensor(0.98)
982,0.029068883508443832,tensor(1.)
983,0.058581653982400894,tensor(0.98)
984,0.023743197321891785,tensor(1.)
985,0.04488189518451691,tensor(0.99)
986,0.023068759590387344,tensor(1.)
987,0.05190827697515488,tensor(0.98)
988,0.02409322001039982,tensor(1.)
989,0.04399367794394493,tensor(0.99)
990,0.040154796093702316,tensor(1.)
991,0.03530285879969597,tensor(0.99)
992,0.02118252031505108,tensor(1.)
993,0.03982783108949661,tensor(0.99)
994,0.022901438176631927,tensor(1.)
995,0.06161816418170929,tensor(0.98)
996,0.11487806588411331,tensor(0.96)
997,0.02767176367342472,tensor(1.)
998,0.02396508865058422,tensor(1.)
999,0.028621593490242958,tensor(1.)
1000,0.02780812978744507,tensor(1.)
1001,0.037460070103406906,tensor(1.)
1002,0.05426449701189995,tensor(0.98)
1003,0.019736099988222122,tensor(1.)
1004,0.01984357461333275,tensor(1.)
1005,0.023335814476013184,tensor(1.)
1006,0.04979816451668739,tensor(0.98)
1007,0.05201901122927666,tensor(1.)
1008,0.022390052676200867,tensor(1.)
1009,0.020515117794275284,tensor(1.)
1010,0.03735923767089844,tensor(1.)
1011,0.060222264379262924,tensor(0.98)
1012,0.04359413683414459,tensor(0.98)
1013,0.042885009199380875,tensor(1.)
1014,0.02060358226299286,tensor(1.)
1015,0.029707355424761772,tensor(1.)
1016,0.03350148722529411,tensor(0.99)
1017,0.040358494967222214,tensor(0.99)
1018,0.016145771369338036,tensor(1.)
1019,0.01985345222055912,tensor(0.99)
1020,0.02426442876458168,tensor(1.)
1021,0.07018253952264786,tensor(0.98)
1022,0.04681920260190964,tensor(0.98)
1023,0.038925908505916595,tensor(0.98)
1024,0.035248901695013046,tensor(0.98)
1025,0.029261013492941856,tensor(0.99)
1026,0.03962128609418869,tensor(0.98)
1027,0.03881724551320076,tensor(0.99)
1028,0.03441382572054863,tensor(0.99)
1029,0.017703479155898094,tensor(1.)
1030,0.028510430827736855,tensor(0.99)
1031,0.024050015956163406,tensor(0.99)
1032,0.0455978587269783,tensor(0.99)
1033,0.01663190871477127,tensor(1.)
1034,0.07249344140291214,tensor(0.99)
1035,0.039814285933971405,tensor(1.)
1036,0.04712812975049019,tensor(1.)
1037,0.034590523689985275,tensor(0.99)
1038,0.02031337283551693,tensor(1.)
1039,0.039517082273960114,tensor(0.99)
1040,0.010937482118606567,tensor(1.)
1041,0.017001859843730927,tensor(1.)
1042,0.03529007360339165,tensor(1.)
1043,0.030126381665468216,tensor(0.99)
1044,0.027601487934589386,tensor(1.)
1045,0.03763638809323311,tensor(1.)
1046,0.03709077462553978,tensor(0.99)
1047,0.017573418095707893,tensor(1.)
1048,0.04925185814499855,tensor(0.99)
1049,0.020453795790672302,tensor(1.)
1050,0.09058502316474915,tensor(0.97)
1051,0.059527188539505005,tensor(0.98)
1052,0.0313396118581295,tensor(0.99)
1053,0.03244445100426674,tensor(1.)
1054,0.034984324127435684,tensor(0.99)
1055,0.05360206589102745,tensor(0.98)
1056,0.02968391217291355,tensor(0.99)
1057,0.01669388636946678,tensor(1.)
1058,0.016933409497141838,tensor(1.)
1059,0.018185267224907875,tensor(1.)
1060,0.03410585969686508,tensor(0.99)
1061,0.053175974637269974,tensor(0.98)
1062,0.01451924815773964,tensor(1.)
1063,0.06756538897752762,tensor(0.98)
1064,0.03246155008673668,tensor(0.99)
1065,0.08265295624732971,tensor(0.99)
1066,0.018599970266222954,tensor(1.)
1067,0.03358981013298035,tensor(0.99)
1068,0.01623474434018135,tensor(1.)
1069,0.04902464151382446,tensor(0.98)
1070,0.030782213434576988,tensor(0.99)
1071,0.025159237906336784,tensor(0.99)
1072,0.05289328843355179,tensor(0.99)
1073,0.03903616964817047,tensor(0.99)
1074,0.03200000524520874,tensor(1.)
1075,0.0222342349588871,tensor(1.)
1076,0.03339526429772377,tensor(0.99)
1077,0.03192273899912834,tensor(0.99)
1078,0.016301337629556656,tensor(1.)
1079,0.03590258210897446,tensor(0.99)
1080,0.018116924911737442,tensor(1.)
1081,0.06961294263601303,tensor(0.98)
1082,0.019251849502325058,tensor(1.)
1083,0.012386929243803024,tensor(1.)
1084,0.05410679057240486,tensor(0.99)
1085,0.02817557565867901,tensor(1.)
1086,0.012264934368431568,tensor(1.)
1087,0.03716086596250534,tensor(1.)
1088,0.044329337775707245,tensor(0.99)
1089,0.026362894102931023,tensor(1.)
1090,0.03418900445103645,tensor(0.99)
1091,0.031097885221242905,tensor(1.)
1092,0.10776236653327942,tensor(0.97)
1093,0.0203506238758564,tensor(1.)
1094,0.03165079653263092,tensor(1.)
1095,0.03900260105729103,tensor(1.)
1096,0.043657246977090836,tensor(0.98)
1097,0.0634208396077156,tensor(0.99)
1098,0.012680825777351856,tensor(1.)
1099,0.011462297290563583,tensor(1.)
1100,0.03802110627293587,tensor(0.99)
1101,0.04742027819156647,tensor(0.98)
1102,0.061917807906866074,tensor(0.98)
1103,0.03994745388627052,tensor(0.99)
1104,0.02078002505004406,tensor(1.)
1105,0.039260078221559525,tensor(0.98)
1106,0.03145312890410423,tensor(0.99)
1107,0.04781538248062134,tensor(0.98)
1108,0.013777405023574829,tensor(1.)
1109,0.0739913210272789,tensor(0.96)
1110,0.10115576535463333,tensor(0.96)
1111,0.01685941405594349,tensor(1.)
1112,0.021601993590593338,tensor(1.)
1113,0.031791724264621735,tensor(1.)
1114,0.07236435264348984,tensor(0.98)
1115,0.0286386851221323,tensor(1.)
1116,0.025176899507641792,tensor(1.)
1117,0.02078886143863201,tensor(1.)
1118,0.02449585683643818,tensor(1.)
1119,0.03220454975962639,tensor(0.99)
1120,0.024601642042398453,tensor(1.)
1121,0.028383096680045128,tensor(0.99)
1122,0.07330223172903061,tensor(0.99)
1123,0.019725292921066284,tensor(1.)
1124,0.01715967431664467,tensor(1.)
1125,0.15729810297489166,tensor(0.94)
1126,0.0315534733235836,tensor(0.99)
1127,0.035006195306777954,tensor(0.99)
1128,0.05599626898765564,tensor(0.98)
1129,0.016740933060646057,tensor(1.)
1130,0.04658962041139603,tensor(0.99)
1131,0.029032127931714058,tensor(1.)
1132,0.016662947833538055,tensor(1.)
1133,0.031112724915146828,tensor(1.)
1134,0.025519639253616333,tensor(0.99)
1135,0.02957887575030327,tensor(0.99)
1136,0.026081299409270287,tensor(1.)
1137,0.03169659897685051,tensor(0.99)
1138,0.02556237019598484,tensor(1.)
1139,0.025536054745316505,tensor(0.99)
1140,0.06257539242506027,tensor(0.99)
1141,0.03972415626049042,tensor(0.99)
1142,0.03757167235016823,tensor(0.99)
1143,0.021235749125480652,tensor(1.)
1144,0.018537089228630066,tensor(1.)
1145,0.031084811314940453,tensor(1.)
1146,0.013529147021472454,tensor(1.)
1147,0.037780944257974625,tensor(0.99)
1148,0.018880749121308327,tensor(1.)
1149,0.016215836629271507,tensor(1.)
1150,0.05082930251955986,tensor(0.98)
1151,0.03487839922308922,tensor(1.)
1152,0.013791564851999283,tensor(1.)
1153,0.02338881976902485,tensor(1.)
1154,0.016560140997171402,tensor(1.)
1155,0.09743944555521011,tensor(0.96)
1156,0.04359397292137146,tensor(0.98)
1157,0.04250207915902138,tensor(0.99)
1158,0.015869898721575737,tensor(1.)
1159,0.03456374257802963,tensor(0.99)
1160,0.01926201395690441,tensor(1.)
1161,0.02962409518659115,tensor(1.)
1162,0.013965941965579987,tensor(1.)
1163,0.03522209823131561,tensor(1.)
1164,0.014375273138284683,tensor(1.)
1165,0.03347050026059151,tensor(1.)
1166,0.04038658365607262,tensor(0.98)
1167,0.01590004563331604,tensor(1.)
1168,0.020430782809853554,tensor(1.)
1169,0.023800818249583244,tensor(0.99)
1170,0.028544019907712936,tensor(1.)
1171,0.02393333986401558,tensor(0.99)
1172,0.022274509072303772,tensor(1.)
1173,0.03387587144970894,tensor(0.99)
1174,0.019505245611071587,tensor(1.)
1175,0.02601177804172039,tensor(1.)
1176,0.021844496950507164,tensor(1.)
1177,0.021717345342040062,tensor(1.)
1178,0.01604986935853958,tensor(1.)
1179,0.02653462067246437,tensor(1.)
1180,0.01770498789846897,tensor(0.99)
1181,0.023763302713632584,tensor(0.99)
1182,0.04210731387138367,tensor(0.99)
1183,0.018301203846931458,tensor(1.)
1184,0.04373671114444733,tensor(0.99)
1185,0.059710193425416946,tensor(0.99)
1186,0.017527157440781593,tensor(1.)
1187,0.05258801206946373,tensor(0.98)
1188,0.01867801509797573,tensor(1.)
1189,0.07594143599271774,tensor(0.98)
1190,0.04433365911245346,tensor(0.99)
1191,0.03521737828850746,tensor(1.)
1192,0.016066478565335274,tensor(0.99)
1193,0.02551691234111786,tensor(1.)
1194,0.01582050696015358,tensor(1.)
1195,0.029302382841706276,tensor(0.99)
1196,0.039356715977191925,tensor(0.99)
1197,0.010009968653321266,tensor(1.)
1198,0.022015009075403214,tensor(0.99)
1199,0.027467280626296997,tensor(0.99)
1200,0.08621572703123093,tensor(0.97)
1201,0.018780909478664398,tensor(1.)
1202,0.044865936040878296,tensor(0.98)
1203,0.025065258145332336,tensor(1.)
1204,0.05577922612428665,tensor(0.99)
1205,0.018965085968375206,tensor(1.)
1206,0.010796946473419666,tensor(1.)
1207,0.033257849514484406,tensor(1.)
1208,0.015424483455717564,tensor(1.)
1209,0.03143155574798584,tensor(0.99)
1210,0.029570790007710457,tensor(0.99)
1211,0.012311258353292942,tensor(1.)
1212,0.05583420395851135,tensor(0.98)
1213,0.011999307200312614,tensor(1.)
1214,0.06428444385528564,tensor(0.98)
1215,0.030668091028928757,tensor(1.)
1216,0.022558556869626045,tensor(1.)
1217,0.016917003318667412,tensor(1.)
1218,0.018444344401359558,tensor(1.)
1219,0.021857013925909996,tensor(1.)
1220,0.017131196334958076,tensor(1.)
1221,0.03505967557430267,tensor(0.98)
1222,0.18895874917507172,tensor(0.95)
1223,0.07632546871900558,tensor(0.98)
1224,0.023499252274632454,tensor(0.99)
1225,0.014385808259248734,tensor(1.)
1226,0.009735233150422573,tensor(1.)
1227,0.020462624728679657,tensor(1.)
1228,0.049324505031108856,tensor(0.99)
1229,0.028441688045859337,tensor(0.99)
1230,0.02542041800916195,tensor(1.)
1231,0.014928009361028671,tensor(1.)
1232,0.013749155215919018,tensor(1.)
1233,0.028824694454669952,tensor(0.99)
1234,0.013315003365278244,tensor(1.)
1235,0.05353175476193428,tensor(0.98)
1236,0.026464488357305527,tensor(1.)
1237,0.03291544318199158,tensor(0.99)
1238,0.04474642872810364,tensor(0.99)
1239,0.022668248042464256,tensor(0.99)
1240,0.03853699937462807,tensor(1.)
1241,0.01931842416524887,tensor(1.)
1242,0.011518135666847229,tensor(1.)
1243,0.03892039507627487,tensor(1.)
1244,0.026917245239019394,tensor(0.99)
1245,0.021062200888991356,tensor(1.)
1246,0.016529787331819534,tensor(1.)
1247,0.02174362726509571,tensor(1.)
1248,0.04969242587685585,tensor(0.98)
1249,0.014587906189262867,tensor(1.)
1250,0.010270241647958755,tensor(1.)
1251,0.028053196147084236,tensor(1.)
1252,0.015561371110379696,tensor(1.)
1253,0.03438818082213402,tensor(0.99)
1254,0.0220062006264925,tensor(1.)
1255,0.010888897813856602,tensor(1.)
1256,0.017158063128590584,tensor(1.)
1257,0.011527467519044876,tensor(1.)
1258,0.030002975836396217,tensor(0.99)
1259,0.05410806089639664,tensor(0.98)
1260,0.022594837471842766,tensor(1.)
1261,0.022261686623096466,tensor(1.)
1262,0.03055325150489807,tensor(1.)
1263,0.02396717667579651,tensor(1.)
1264,0.0244399793446064,tensor(1.)
1265,0.01693926565349102,tensor(1.)
1266,0.024846134707331657,tensor(1.)
1267,0.030589543282985687,tensor(1.)
1268,0.023320183157920837,tensor(0.99)
1269,0.02162271738052368,tensor(1.)
1270,0.018489312380552292,tensor(0.99)
1271,0.015377921983599663,tensor(1.)
1272,0.028719302266836166,tensor(1.)
1273,0.009446087293326855,tensor(1.)
1274,0.041846901178359985,tensor(0.98)
1275,0.03810061514377594,tensor(0.99)
1276,0.021006353199481964,tensor(0.99)
1277,0.04181220382452011,tensor(0.99)
1278,0.03356846794486046,tensor(0.99)
1279,0.012616814114153385,tensor(1.)
1280,0.020166058093309402,tensor(1.)
1281,0.01406050380319357,tensor(1.)
1282,0.02126292884349823,tensor(0.99)
1283,0.02500358410179615,tensor(1.)
1284,0.020151035860180855,tensor(1.)
1285,0.017809685319662094,tensor(1.)
1286,0.018341487273573875,tensor(1.)
1287,0.022827671840786934,tensor(1.)
1288,0.019685888662934303,tensor(1.)
1289,0.02513221465051174,tensor(0.99)
1290,0.023846743628382683,tensor(1.)
1291,0.009705953299999237,tensor(1.)
1292,0.04366109520196915,tensor(0.98)
1293,0.06513678282499313,tensor(0.98)
1294,0.02238413132727146,tensor(0.99)
1295,0.03333698958158493,tensor(1.)
1296,0.019389677792787552,tensor(1.)
1297,0.023337185382843018,tensor(0.99)
1298,0.01737688109278679,tensor(1.)
1299,0.037354446947574615,tensor(1.)
1300,0.03645796328783035,tensor(0.99)
1301,0.0401739664375782,tensor(0.99)
1302,0.04119819775223732,tensor(0.98)
1303,0.0257333405315876,tensor(0.99)
1304,0.026072679087519646,tensor(1.)
1305,0.06125285103917122,tensor(0.99)
1306,0.04461667314171791,tensor(0.98)
1307,0.0314173698425293,tensor(0.99)
1308,0.01838305965065956,tensor(0.99)
1309,0.008777936920523643,tensor(1.)
1310,0.01602148450911045,tensor(1.)
1311,0.0163858812302351,tensor(1.)
1312,0.010225245729088783,tensor(1.)
1313,0.023184439167380333,tensor(1.)
1314,0.025543056428432465,tensor(1.)
1315,0.014788296073675156,tensor(1.)
1316,0.014982975088059902,tensor(1.)
1317,0.04334142804145813,tensor(0.99)
1318,0.08655280619859695,tensor(0.98)
1319,0.016958625987172127,tensor(1.)
1320,0.04468662664294243,tensor(1.)
1321,0.017035866156220436,tensor(1.)
1322,0.01750161685049534,tensor(1.)
1323,0.06874971836805344,tensor(0.98)
1324,0.020883752033114433,tensor(0.99)
1325,0.011984549462795258,tensor(1.)
1326,0.033625006675720215,tensor(1.)
1327,0.01340906135737896,tensor(1.)
1328,0.04804982617497444,tensor(0.98)
1329,0.015070490539073944,tensor(1.)
1330,0.023089291527867317,tensor(0.99)
1331,0.028532592579722404,tensor(0.99)
1332,0.01895255595445633,tensor(1.)
1333,0.03260042890906334,tensor(1.)
1334,0.01887778379023075,tensor(1.)
1335,0.03870367631316185,tensor(1.)
1336,0.0332769937813282,tensor(0.99)
1337,0.01210033893585205,tensor(1.)
1338,0.0209201592952013,tensor(0.99)
1339,0.06414774805307388,tensor(0.98)
1340,0.024020956829190254,tensor(0.99)
1341,0.01665855199098587,tensor(1.)
1342,0.02942625619471073,tensor(0.99)
1343,0.017436670139431953,tensor(1.)
1344,0.02245049551129341,tensor(0.99)
1345,0.018600476905703545,tensor(1.)
1346,0.02185875177383423,tensor(1.)
1347,0.016082722693681717,tensor(1.)
1348,0.023292789235711098,tensor(1.)
1349,0.019673718139529228,tensor(1.)
1350,0.07504726201295853,tensor(0.96)
1351,0.019935645163059235,tensor(1.)
1352,0.007403758820146322,tensor(1.)
1353,0.027857670560479164,tensor(1.)
1354,0.02803513966500759,tensor(1.)
1355,0.015157916583120823,tensor(1.)
1356,0.03949224203824997,tensor(1.)
1357,0.03833526000380516,tensor(0.98)
1358,0.04221323877573013,tensor(0.98)
1359,0.014372452162206173,tensor(1.)
1360,0.013458473607897758,tensor(1.)
1361,0.0123521089553833,tensor(1.)
1362,0.010381924919784069,tensor(1.)
1363,0.013048667460680008,tensor(1.)
1364,0.020983804017305374,tensor(0.99)
1365,0.037936627864837646,tensor(1.)
1366,0.03880038484930992,tensor(0.98)
1367,0.02854335494339466,tensor(1.)
1368,0.018749022856354713,tensor(1.)
1369,0.020870093256235123,tensor(1.)
1370,0.06307358294725418,tensor(0.98)
1371,0.020003147423267365,tensor(1.)
1372,0.014730035327374935,tensor(1.)
1373,0.029536990448832512,tensor(0.99)
1374,0.02083616703748703,tensor(1.)
1375,0.011863184161484241,tensor(1.)
1376,0.015803499147295952,tensor(1.)
1377,0.032425399869680405,tensor(0.99)
1378,0.019101159647107124,tensor(1.)
1379,0.045817434787750244,tensor(0.98)
1380,0.020053720101714134,tensor(1.)
1381,0.08934596180915833,tensor(0.98)
1382,0.011684693396091461,tensor(1.)
1383,0.023064330220222473,tensor(1.)
1384,0.03754442185163498,tensor(0.99)
1385,0.011172476224601269,tensor(1.)
1386,0.019352374598383904,tensor(0.99)
1387,0.018293334171175957,tensor(1.)
1388,0.01788218319416046,tensor(1.)
1389,0.019165469333529472,tensor(1.)
1390,0.021475177258253098,tensor(1.)
1391,0.03488552197813988,tensor(0.99)
1392,0.01967930793762207,tensor(0.99)
1393,0.026311635971069336,tensor(1.)
1394,0.022065408527851105,tensor(0.99)
1395,0.020450463518500328,tensor(1.)
1396,0.013588382862508297,tensor(1.)
1397,0.01727920211851597,tensor(1.)
1398,0.018886057659983635,tensor(1.)
1399,0.023888595402240753,tensor(0.99)
1400,0.014330295845866203,tensor(1.)
1401,0.016989639028906822,tensor(1.)
1402,0.014350219629704952,tensor(1.)
1403,0.029107356444001198,tensor(1.)
1404,0.017365431413054466,tensor(1.)
1405,0.01239725761115551,tensor(1.)
1406,0.019657909870147705,tensor(1.)
1407,0.011571744456887245,tensor(1.)
1408,0.026635492220520973,tensor(0.99)
1409,0.018783286213874817,tensor(1.)
1410,0.03722958266735077,tensor(1.)
1411,0.011091618798673153,tensor(1.)
1412,0.019102513790130615,tensor(1.)
1413,0.013687748461961746,tensor(1.)
1414,0.03277544304728508,tensor(0.99)
1415,0.03298921883106232,tensor(0.99)
1416,0.019298329949378967,tensor(1.)
1417,0.03688213601708412,tensor(0.99)
1418,0.02373645268380642,tensor(0.99)
1419,0.017009634524583817,tensor(1.)
1420,0.024139996618032455,tensor(0.99)
1421,0.012485782615840435,tensor(1.)
1422,0.01465451717376709,tensor(1.)
1423,0.02075973153114319,tensor(0.99)
1424,0.01973230391740799,tensor(0.99)
1425,0.06728693842887878,tensor(0.97)
1426,0.011071348562836647,tensor(1.)
1427,0.027868425473570824,tensor(1.)
1428,0.022866617888212204,tensor(0.99)
1429,0.021313173696398735,tensor(1.)
1430,0.017655080184340477,tensor(1.)
1431,0.019710365682840347,tensor(1.)
1432,0.015976574271917343,tensor(1.)
1433,0.054943788796663284,tensor(0.99)
1434,0.014784429222345352,tensor(1.)
1435,0.011145727708935738,tensor(1.)
1436,0.02004418335855007,tensor(0.99)
1437,0.009238321334123611,tensor(1.)
1438,0.023299455642700195,tensor(0.99)
1439,0.012851860374212265,tensor(1.)
1440,0.06103145703673363,tensor(0.99)
1441,0.015442484989762306,tensor(1.)
1442,0.016381513327360153,tensor(1.)
1443,0.01874195784330368,tensor(1.)
1444,0.052734363824129105,tensor(0.98)
1445,0.014191842637956142,tensor(0.99)
1446,0.03177308663725853,tensor(0.99)
1447,0.015755461528897285,tensor(1.)
1448,0.0163816399872303,tensor(1.)
1449,0.021244585514068604,tensor(0.99)
1450,0.06008174642920494,tensor(0.98)
1451,0.021390276029706,tensor(1.)
1452,0.011643005535006523,tensor(1.)
1453,0.020564647391438484,tensor(1.)
1454,0.016499489545822144,tensor(1.)
1455,0.01211122702807188,tensor(1.)
1456,0.024363923817873,tensor(1.)
1457,0.01296971831470728,tensor(1.)
1458,0.010361867025494576,tensor(1.)
1459,0.008071176707744598,tensor(1.)
1460,0.024870648980140686,tensor(1.)
1461,0.01383346039801836,tensor(1.)
1462,0.009896613657474518,tensor(1.)
1463,0.02350449375808239,tensor(0.99)
1464,0.01378107164055109,tensor(1.)
1465,0.015252717770636082,tensor(1.)
1466,0.010371110402047634,tensor(1.)
1467,0.0325348861515522,tensor(0.99)
1468,0.021426169201731682,tensor(1.)
1469,0.0246276892721653,tensor(0.99)
1470,0.044894978404045105,tensor(0.99)
1471,0.02006799541413784,tensor(0.99)
1472,0.014544477686285973,tensor(1.)
1473,0.05215270817279816,tensor(0.98)
1474,0.02107158489525318,tensor(0.99)
1475,0.05860910564661026,tensor(0.98)
1476,0.015330552123486996,tensor(1.)
1477,0.020684650167822838,tensor(1.)
1478,0.018406672403216362,tensor(0.99)
1479,0.00886986218392849,tensor(1.)
1480,0.009709034115076065,tensor(1.)
1481,0.05167263373732567,tensor(0.99)
1482,0.020871780812740326,tensor(0.99)
1483,0.028742551803588867,tensor(0.99)
1484,0.026030633598566055,tensor(1.)
1485,0.06229149550199509,tensor(0.97)
1486,0.013521494343876839,tensor(1.)
1487,0.031817477196455,tensor(1.)
1488,0.012956000864505768,tensor(1.)
1489,0.010240906849503517,tensor(1.)
1490,0.01812327466905117,tensor(1.)
1491,0.018857857212424278,tensor(1.)
1492,0.025937756523489952,tensor(0.99)
1493,0.012616743333637714,tensor(1.)
1494,0.011025636456906796,tensor(1.)
1495,0.01879778318107128,tensor(1.)
1496,0.01028464175760746,tensor(1.)
1497,0.011065585538744926,tensor(1.)
1498,0.010456396266818047,tensor(1.)
1499,0.013165503740310669,tensor(1.)
1500,0.032444506883621216,tensor(1.)
